순위,영화명,개봉일,매출액 ,매출액(%),누적매출액 ,관객수 ,누적관객수 ,스크린수 ,상영횟수 ,대표국적 ,국적 ,제작사 ,배급사 ,등급 ,장르 ,감독 ,배우 
1,닥터 스트레인지,2016-10-26,12408698983 ,0.552,36825890372 ,1366047 ,4208813 ,1213 ,43733 ,미국,미국,,월트디즈니컴퍼니코리아(주),12세이상관람가,"액션,어드벤처,판타지",스콧 데릭슨,"베네딕트 컴버배치,레이첼 맥아담스,틸다 스윈튼,매즈 미켈슨,치웨텔 에지오포,스콧 앳킨스,마이클 스털버그,베네딕트 왕"
2,럭키,2016-10-13,5338619900 ,0.238,52789502756 ,653182 ,6521674 ,848 ,27297 ,한국,한국,(주)용필름,(주)쇼박스,15세이상관람가,코미디,이계벽,"유해진,이준,조윤희,임지연,전혜빈,이동휘,박선용,박은미,정소리,이승철,최시형,홍의권,문광식"
3,혼숨,2016-10-26,530525721 ,0.024,2219393521 ,65663 ,283098 ,354 ,4956 ,한국,한국,(주)무비스퀘어,(주)프레인글로벌,15세이상관람가,공포(호러),이두환,"류덕환,조복래,박형서,조동혁,이규섭,이수빈,조혜원"
4,로스트 인 더스트,2016-11-03,503085946 ,0.022,515489946 ,64575 ,65999 ,354 ,5786 ,미국,미국,,메가박스(주)플러스엠,15세이상관람가,"범죄,드라마",데이빗 맥킨지,"크리스 파인,벤 포스터,제프 브리지스"
5,"무현, 두 도시 이야기",2016-10-26,482442700 ,0.021,706490400 ,60437 ,90303 ,101 ,1849 ,한국,한국,"제작위원회 ,엠앤씨에프",(주)모멘텀엔터테인먼트,15세이상관람가,다큐멘터리,전인환,"김원명,노무현"
6,선생님의 일기,2016-11-02,325502200 ,0.014,422535400 ,47816 ,61617 ,163 ,4293 ,태국,태국,,"(주)드림팩트엔터테인먼트,(주)미로스페이스",12세이상관람가,"멜로/로맨스,드라마",니티왓 다라톤,레일라 분야삭
7,스플릿,2016-11-09,359461900 ,0.016,417132900 ,46919 ,54269 ,563 ,2607 ,한국,한국,오퍼스픽쳐스,오퍼스픽쳐스,15세이상관람가,드라마,최국희,"유지태,이정현,이다윗,정성화,김지은,김태훈,신민수,윤수현,이정주,이지수,조선묵,조수정,최승"
8,극장판 파워레인저: 닌자포스 VS 트레인포스 닌자 인 원더랜드,2016-11-03,337808000 ,0.015,344384000 ,43364 ,44186 ,406 ,2552 ,일본,일본,,(주)넥스트엔터테인먼트월드(NEW),전체관람가,액션,나카자와 쇼지로,"김혜성,안용욱,이경태,류점희,이새아,김현욱,심규혁,이인석,강시현,홍진욱,김서영,서원석,유강진,박요한,안장혁,이인성,곽규미,한상덕,황창영,김민주,이기성"
9,노트북,2004-11-26,334013000 ,0.015,3958312200 ,39612 ,573067 ,126 ,2173 ,미국,미국,뉴라인 시네마,"글뫼 주식회사,씨제이엔터테인먼트","15세관람가,15세이상관람가",멜로/로맨스,닉 카사베츠,"레이첼 맥아덤즈,라이언 고슬링"
10,인페르노,2016-10-19,250754700 ,0.011,5602352503 ,30520 ,682444 ,185 ,1909 ,미국,"미국,일본,터키,헝가리",,유니버설픽쳐스인터내셔널 코리아(유),15세이상관람가,"미스터리,스릴러",론 하워드,"톰 행크스,펠리시티 존스,벤 포스터,이르판 칸,오마 사이,시드 바벳 크누센,안나 울라루"
11,무한대를 본 남자,2016-11-03,228574854 ,0.01,234206854 ,29574 ,30278 ,309 ,4370 ,영국,영국,,판씨네마(주),12세이상관람가,드라마,맷 브라운,"데브 파텔,제레미 아이언스,토비 존스,스티븐 프라이,제레미 노담,케빈 맥널리,엔조 실렌티,리차드 존슨"
12,위자: 저주의 시작,2016-11-09,190846500 ,0.008,190846500 ,24992 ,24992 ,353 ,1390 ,미국,미국,,유니버설픽쳐스인터내셔널 코리아(유),12세이상관람가,공포(호러),마이크 플래너건,"엘리자베스 리저,애너리즈 바쏘,헨리 토마스"
13,인어공주 : 새로운 모험의 시작,2016-11-03,188209200 ,0.008,192113200 ,24271 ,24759 ,262 ,1448 ,중국,중국,,예지림엔터테인먼트,전체관람가,애니메이션,아담 추,
14,글루미 선데이,2000-10-21,123508400 ,0.005,127280400 ,15334 ,16089 ,128 ,1803 ,독일,독일,,(주)팝엔터테인먼트,18세관람가,드라마,롤프 슈벨,"스테파노 디오니시,조아킴 크롤,에리카 마로잔,벤 베커"
15,자백,2016-10-13,75379200 ,0.003,963112300 ,9441 ,122980 ,50 ,487 ,한국,한국,한국탐사저널리즘센터,(주)엣나인필름,15세이상관람가,다큐멘터리,최승호,최승호
16,두 번째 스물,2016-11-03,66235200 ,0.003,77595200 ,8689 ,10094 ,175 ,1661 ,한국,한국,민영화사,(주)리틀빅픽쳐스,청소년관람불가,"멜로/로맨스,드라마",박흥식,"김승우,이태란,김민경,김예진,김태환,박성민,차영석"
17,쿠보와 전설의 악기,2016-10-26,58195979 ,0.003,182016862 ,8436 ,26639 ,98 ,613 ,미국,미국,,유니버설픽쳐스인터내셔널 코리아(유),전체관람가,"애니메이션,어드벤처,가족,판타지",트래비스 나이트,"샤를리즈 테론,랄프 파인즈,루니 마라,매튜 매커너히,조지 타케이,캐리-히로유키 타가와,브렌다 바카로"
18,세상에서 고양이가 사라진다면,2016-11-09,54779900 ,0.002,68555900 ,7723 ,9445 ,143 ,525 ,일본,일본,,(주)크리픽쳐스,12세이상관람가,드라마,나가이 아키라,"사토 타케루,미야자키 아오이,오쿠다 에이지,하라다 미에코"
19,미스 페레그린과 이상한 아이들의 집,2016-09-28,57446200 ,0.003,21831582586 ,7046 ,2717031 ,54 ,397 ,미국,"미국,벨기에,영국",,이십세기폭스코리아(주),12세이상관람가,"미스터리,판타지",팀 버튼,"에바 그린,사무엘 L. 잭슨,아사 버터필드,앨리슨 제니,킴 디킨스,주디 덴치,크리스 오다우드"
20,가려진 시간,2016-11-16,67827900 ,0.003,98305900 ,7034 ,10955 ,49 ,97 ,한국,한국,(주)바른손이앤에이,(주)쇼박스,12세이상관람가,"드라마,판타지",엄태화,"강동원,신은수,이효제,김희원,권해효,김단율,정우진,엄태구,박종환,김동현,김예지,이영상,조슬예,고민우"
21,걷기왕,2016-10-20,24843600 ,0.001,679155475 ,3651 ,90027 ,41 ,288 ,한국,한국,㈜인디스토리,CGV아트하우스,12세이상관람가,드라마,백승화,"심은경,박주희,김새벽,허정도,윤지원,안승균,김광규,김정영,이재진,이준용,박민준,장현진,방범석,정규환,오은비,조주형,이규진,이동혁,이수아,최봉석,최효주,황수진,김신동"
22,파이트 클럽,1999-11-13,27132700 ,0.001,120566200 ,3385 ,15288 ,49 ,351 ,미국,미국,"아트린슨프로덕션즈,폭스2000픽처스,리젠시 엔터프라이즈,타우러스 필름",(주)팝엔터테인먼트,"18세관람가,청소년관람불가","액션,범죄,드라마,스릴러",데이빗 핀처,"브래드 피트,에드워드 노튼,헬레나 본햄 카터"
23,킹 오브 프리즘,2016-08-11,23493000 ,0.001,747851000 ,3095 ,88580 ,10 ,79 ,일본,일본,,(주)박수엔터테인먼트,12세이상관람가,"애니메이션,드라마,판타지",히시다 마사카즈,
24,브리짓 존스의 베이비,2016-09-28,23298500 ,0.001,6674914374 ,2855 ,820568 ,30 ,240 ,미국,미국,,유니버설픽쳐스인터내셔널 코리아(유),15세이상관람가,"코미디,멜로/로맨스",샤론 맥과이어,"르네 젤위거,콜린 퍼스,패트릭 뎀시"
25,세븐,1995-11-11,20699600 ,0.001,91578900 ,2596 ,11931 ,38 ,263 ,미국,미국,뉴라인 시네마,(주)드림팩트엔터테인먼트,"연소자관람불가,청소년관람불가","범죄,스릴러",데이빗 핀처,"브래드 피트,모건 프리먼,기네스 팰트로우"
26,라우더 댄 밤즈,2016-10-27,18390100 ,0.001,69057200 ,2231 ,8733 ,25 ,181 ,노르웨이,"노르웨이,프랑스,덴마크",,그린나래미디어(주),15세이상관람가,드라마,요아킴 트리에,"제시 아이젠버그,이자벨 위페르,가브리엘 번"
27,"색, 계",2007-11-08,16480500 ,0.001,12579451200 ,2189 ,1914866 ,116 ,243 ,미국,미국,,"(주)제이앤씨미디어그룹,씨제이엔터테인먼트",청소년관람불가,"드라마,멜로/로맨스",이안,"탕웨이,양조위"
28,미드나잇 인 파리,2012-07-05,16206000 ,0.001,2766649617 ,2112 ,373374 ,22 ,181 ,미국,"미국,스페인",,"(주)드림팩트엔터테인먼트,(주)나이너스엔터테인먼트",15세이상관람가,"코미디,멜로/로맨스,판타지",우디 알렌,"오웬 윌슨,마리온 꼬띨라르,레이첼 맥아담스,애드리언 브로디"
29,감바의 대모험,2016-11-10,15313000 ,0.001,27133000 ,2087 ,3633 ,8 ,24 ,일본,일본,,(주)영화사 빅,전체관람가,"애니메이션,어드벤처","카와무라 토모히로,코모리 요시히로",
30,다가오는 것들,2016-09-29,17273100 ,0.001,211014834 ,2043 ,26411 ,13 ,89 ,프랑스,프랑스,,찬란,15세이상관람가,드라마,미아 한센-로브,"이자벨 위페르,에디뜨 스콥"
31,죽여주는 여자,2016-10-06,14941500 ,0.001,854532800 ,1993 ,115939 ,19 ,160 ,한국,한국,"한국영화아카데미,주식회사 뭉클픽쳐스",CGV아트하우스,청소년관람불가,드라마,이재용,"윤여정,전무송,윤계상,박성진,윤효진"
32,와와의 학교 가는 날,2016-10-27,9876800 ,0,52621800 ,1941 ,9257 ,20 ,123 ,중국,중국,,(주)마노엔터테인먼트,전체관람가,드라마,펑천,"딩지아리,아나무랑,차오시웬"
33,시소,2016-11-10,15385000 ,0.001,20377000 ,1748 ,2372 ,4 ,8 ,한국,한국,(주)에스엠 컬처앤콘텐츠,"(주)대명문화공장,(주)리틀빅픽쳐스",전체관람가,다큐멘터리,고희영,"이동우,임재신,김윤태,김진희"
34,시간의 종말,2016-11-03,12840800 ,0.001,19448800 ,1747 ,2771 ,33 ,276 ,한국,한국,인디라인,(주)영화사 진진,전체관람가,다큐멘터리,김대현,
35,램스,2016-11-03,11484800 ,0.001,16717800 ,1535 ,2238 ,23 ,163 ,아이슬란드,"아이슬란드,덴마크,노르웨이,폴란드",,"미디어 컨텐츠 스토어,(주)인디플러그",15세이상관람가,드라마,그리무르 하코나르슨,테오도로 줄리어슨
36,사랑하기 때문에,2017-01-04,12088000 ,0.001,13992000 ,1511 ,1749 ,8 ,8 ,한국,한국,(주)에이디사공육,(주)넥스트엔터테인먼트월드(NEW),12세이상관람가,"코미디,멜로/로맨스",주지홍,"차태현,김유정,서현진,박근형,선우용녀,성동일,배성우,임주환,김윤혜,오나라,김사희,장도윤,김강훈"
37,순종,2016-11-17,10979000 ,0,16300000 ,1455 ,2188 ,5 ,9 ,한국,한국,(재)CBS,"(재)CBS,(주)영화사 안다미로",전체관람가,다큐멘터리,"김동민,이주훈","최강희,최수종,김은혜,김영화"
38,비바 자파타,,2865000 ,0,3465000 ,1415 ,1715 ,1 ,15 ,미국,미국,,,,드라마,엘리아 카잔,"말론 브란도,진 피터스"
39,키즈모노가타리 II : 열혈편,2016-10-20,10477000 ,0,120182000 ,1379 ,15544 ,21 ,150 ,일본,일본,,(주)박수엔터테인먼트,15세이상관람가,"애니메이션,드라마,판타지,액션",신보 아키유키,"카미야 히로시,사카모토 마아야,호리에 유이,사쿠라이 타카히로"
40,오 마이 파파,2016-11-10,8346000 ,0,10272000 ,1331 ,1545 ,3 ,5 ,한국,한국,(주)하이하버픽쳐스,(주)모멘텀엔터테인먼트,전체관람가,다큐멘터리,박혁지,
41,잭 리처: 네버 고 백,2016-11-30,9402000 ,0,9402000 ,1032 ,1032 ,2 ,3 ,미국,미국,,롯데쇼핑㈜롯데엔터테인먼트,15세이상관람가,"액션,범죄,드라마",에드워드 즈윅,"톰 크루즈,코비 스멀더스,로버트 네퍼,알디스 호지,제이슨 더글러스,다니카 야로쉬,홀트 맥칼라니"
42,비틀스: 에잇 데이즈 어 위크 ? 투어링 이어즈,2016-10-19,7438400 ,0,134051025 ,937 ,16830 ,10 ,69 ,영국,"영국,미국",,메가박스(주)플러스엠,12세이상관람가,"드라마,다큐멘터리",론 하워드,"존 레논,폴 매카트니,조지 해리슨,링고 스타"
43,아프리칸 닥터,2016-11-03,5853900 ,0,7065900 ,841 ,1043 ,12 ,100 ,프랑스,프랑스,,M&M 인터내셔널,12세이상관람가,"코미디,드라마",줄리앙 람발디,"마크 진가,아이사 마이가,조나단 랑베르,루퍼스"
44,아수라,2016-09-28,4350000 ,0,20572426662 ,725 ,2593559 ,5 ,29 ,한국,한국,(주)사나이픽처스,씨제이이앤엠(주),청소년관람불가,"범죄,액션",김성수,"정우성,황정민,주지훈,곽도원,정만식,김원해,김종수,김해곤,윤지혜,오연아,윤제문,이종성,장근영,박지환,손영진,양영일,유정호,윤성민,이가경,이광기,이상민,채성원,김남조,노남석,박갑진"
45,스퀴즈,2016-11-10,6135000 ,0,6135000 ,720 ,720 ,2 ,3 ,미국,미국,,"시네마 뉴원,(주)드림팩트엔터테인먼트",15세이상관람가,"코미디,드라마",테리 재스트로,"제레미 섬터,제이슨 도링,크리스토퍼 맥도날드,캐서린 라나사,질리언 머레이,마이클 누리,데이빗 오도넬,팀 웨어"
46,혈투의 게곡,,1820000 ,0,1820000 ,604 ,604 ,1 ,18 ,미국,미국,메트로-골드윈-마이어,,,"서부극(웨스턴),가족",리처드 소프,"버트 랭커스터,로버트 워커,조안나 드루,샐리 포레스트"
47,벽 속의 여자,,1178000 ,0,8616000 ,589 ,3734 ,1 ,11 ,한국,한국,,,,드라마,박종호,남궁원
48,토마스와 친구들: 용감한 기관차와 괴물소동,2016-10-13,2636000 ,0,187056400 ,562 ,26285 ,5 ,20 ,영국,영국,,와이드 릴리즈(주),전체관람가,애니메이션,롭 실베스트리,
49,벨빌의 세 쌍둥이,2016-10-27,4341000 ,0,11525900 ,541 ,1418 ,9 ,57 ,프랑스,"프랑스,벨기에,캐나다,영국",,찬란,12세이상관람가,"애니메이션,코미디",실뱅 쇼메,
50,맨 인 더 다크,2016-10-05,4726000 ,0,8480135672 ,531 ,1003375 ,8 ,49 ,미국,미국,,유니버설픽쳐스인터내셔널 코리아(유),청소년관람불가,스릴러,페드 알바레즈,"제인 레비,딜런 미네트,스티븐 랭,다니엘 조바토"
51,세 얼간이 감독판,2011-08-18,4266000 ,0,42460500 ,518 ,5158 ,39 ,62 ,인도,인도,,"와이드 릴리즈(주),필라멘트픽쳐스",12세이상관람가,"코미디,드라마",라즈쿠마르 히라니,"아미르 칸,마드하반,셔먼 조쉬,카리나 카푸르"
52,벤허,2016-09-14,4048000 ,0,11403731395 ,506 ,1399264 ,2 ,4 ,미국,미국,,롯데쇼핑㈜롯데엔터테인먼트,12세이상관람가,"어드벤처,드라마",티무르 베크맘베토브,"잭 휴스턴,토비 켑벨,모건 프리먼,로드리고 산토로,할룩 빌기너,요한 필리프 아스베크,모이세스 아리아스,아예렛 주러,소피아 블랙 디엘리아,제임스 코스모,다토 바크하제,자레스 J. 메즈"
53,마포사는 황부자,,999000 ,0,2975000 ,497 ,1485 ,1 ,12 ,한국,한국,,,,드라마,이봉래,"김승호,도금봉,최지희"
54,사도,2015-09-16,882000 ,0,48845771501 ,441 ,6247607 ,1 ,8 ,한국,한국,(주)타이거픽쳐스,(주)쇼박스,12세이상관람가,사극,이준익,"송강호,유아인,문근영,전혜진,김해숙,박원상,진지희,박소담,서예지,이효제,곽동호,최희영,정호,이현철,김상훈,이민혜,김경원,김대환,김민규,양지혜,안현숙,김우진,이대연,최덕문,정석용,최민철,안정우,안태훈,조승연"
55,당신자신과 당신의 것,2016-11-10,3787500 ,0,5499500 ,425 ,639 ,4 ,8 ,한국,한국,(주)영화제작전원사,"(주)영화제작전원사 ,(주)콘텐츠판다",청소년관람불가,드라마,홍상수,"김주혁,이유영,김의성,권해효,유준상,김민정,백현진"
56,설리: 허드슨강의 기적,2016-09-28,2766000 ,0,5218541354 ,421 ,624460 ,3 ,18 ,미국,미국,,워너브러더스 코리아(주),12세이상관람가,드라마,클린트 이스트우드,"톰 행크스,아론 에크하트,로라 린니"
57,뷰티풀 레이디스,2016-11-10,3120000 ,0,3320000 ,390 ,430 ,2 ,2 ,프랑스,프랑스,,(주)디스테이션,15세이상관람가,"드라마,범죄",오드리 에스트루고,"소피 마르소,수잔 클레망,앨리스 벨라이디,앤 르니"
58,바다 탐험대 옥토넛 시즌4: 늪지탐험선K,2016-09-28,2296500 ,0,419335500 ,366 ,69729 ,11 ,30 ,영국,영국,,와이드 릴리즈(주),전체관람가,애니메이션,다라 오코넬,
59,피터와 드래곤,2016-09-28,2528000 ,0,864768600 ,365 ,108981 ,3 ,3 ,미국,미국,,월트디즈니컴퍼니코리아(주),전체관람가,"어드벤처,가족,판타지",데이빗 로워리,"브라이스 달라스 하워드,오크스 페글리,웨스 벤틀리,칼 어번,로버트 레드포드,크레이그 홀,이시아 휘틀록 주니어"
60,물레방아,1966-11-10,714000 ,0,714000 ,357 ,357 ,2 ,5 ,한국,한국,세기상사㈜,,12세이상관람가,멜로/로맨스,이만희,"최남현,고은아,신영균,허장강"
61,세 아내에게 온 편지,,694000 ,0,2208000 ,347 ,936 ,1 ,12 ,미국,미국,,,,"드라마,멜로/로맨스",조셉 L. 맨키위즈,"지네 크레인,린다 다넬,앤 소든"
62,미스터 캣,2016-10-19,2003000 ,0,180673750 ,343 ,23238 ,2 ,11 ,프랑스,"프랑스,중국",,(주)리틀빅픽쳐스,전체관람가,코미디,배리 소넨필드,"케빈 스페이시,제니퍼 가너,크리스토퍼 월켄,말리나 와이즈먼"
63,아이 엠 어 히어로,2016-09-21,1779000 ,0,1798185900 ,339 ,211457 ,5 ,16 ,일본,일본,,(주)영화사 빅,청소년관람불가,"액션,공포(호러)",사토 신스케,"오오이즈미 요,아리무라 카스미,나가사와 마사미"
64,부산행,2016-07-20,2934000 ,0,93177722048 ,326 ,11565382 ,1 ,1 ,한국,한국,(주)영화사레드피터,(주)넥스트엔터테인먼트월드(NEW),15세이상관람가,"액션,스릴러",연상호,"공유,김정희,정유미,김율호,마동석,최우식,안소희,김의성,김수안,박민우,박민혁,임종훈,박종관,장문성,박혜진,손지훈,손지훈,연상호,조춘호,지동현,윤미중,이동하,이윤상,최창수,편준의,허성우,황유경"
65,위스키 탱고 폭스트롯,2016-11-10,2462000 ,0,2462000 ,323 ,323 ,3 ,3 ,미국,미국,,(주)디스테이션,15세이상관람가,"전쟁,드라마,코미디","글렌 피카라,존 레쿼","티나 페이,마고 로비,마틴 프리먼"
66,드림 쏭,2016-09-14,1156000 ,0,1823748700 ,320 ,233676 ,2 ,16 ,미국,미국,,(주)이수C&E,전체관람가,애니메이션,애쉬 브래넌,"J.K. 시몬스,루크 윌슨,에디 이자드,맷 딜런"
67,소녀경,1992-09-25,565000 ,0,565000 ,299 ,299 ,1 ,6 ,한국,한국,(주)동아수출공사,,연소자관람불가,"성인물(에로),사극",박호태,"이미지,남궁원,전혜성,김준호"
67,스타트렉 비욘드,2016-08-17,2933000 ,0,10165818220 ,299 ,1153650 ,1 ,3 ,미국,미국,,롯데쇼핑㈜롯데엔터테인먼트,12세이상관람가,"액션,SF",저스틴 린,"크리스 파인,사이몬 페그,조 샐다나,재커리 퀸토,칼 어번,안톤 옐친,존 조,이드리스 엘바,소피아 부텔라"
69,[PDFF2016] 개막작,,1480000 ,0,1480000 ,296 ,296 ,1 ,2 ,기타,기타,,,,기타,"마이클 악트만,제네비에브 클레이-스미스",
69,파란 입이 달린 얼굴,,1480000 ,0,1888000 ,296 ,364 ,1 ,2 ,한국,한국,,,,기타,김수정,장리우
71,어떻게 헤어질까,2016-11-03,2386500 ,0,7760500 ,273 ,963 ,9 ,54 ,한국,한국,하준사,하준사,12세이상관람가,"판타지,드라마",조성규,"서준영,박규리,이영란,김강현,최희서,백도빈,우상희,이상훈,조성규"
71,카페 소사이어티,2016-09-14,1793000 ,0,1045296666 ,273 ,126206 ,5 ,20 ,미국,미국,,CGV아트하우스,15세이상관람가,"멜로/로맨스,드라마",우디 앨런,"제시 아이젠버그,크리스틴 스튜어트,스티브 카렐,블레이크 라이블리"
73,솔로몬과 시바의 여왕,1972-11-24,523000 ,0,9911000 ,272 ,4964 ,1 ,5 ,미국,미국,,,,드라마,킹 비더,"지나 롤로브리지다,율 브린너"
74,건힐의 결투,,552000 ,0,2897000 ,271 ,1463 ,1 ,4 ,미국,미국,,,,"스릴러,서부극(웨스턴)",존 스터지스,"커크 더글라스,앤소니 퀸"
75,줄리에타,2016-11-17,2144000 ,0,2144000 ,262 ,262 ,1 ,2 ,스페인,스페인,,주식회사 쇼미미디어앤트레이딩,15세이상관람가,드라마,페드로 알모도바르,"엠마 수아레즈,로시 드 팔마"
76,할머니의 먼 집,2016-09-29,908000 ,0,24659500 ,246 ,3543 ,3 ,27 ,한국,한국,영화사 연필,KT&G 상상마당 영화사업팀 컴퍼니에스에스(주),전체관람가,다큐멘터리,이소현,"박삼순,이소현,장춘옥,홍순영"
77,춘몽,2016-10-13,1653000 ,0,113024700 ,238 ,14216 ,5 ,37 ,한국,한국,률필름,"(주)프레인글로벌,(주)스톰픽쳐스코리아",15세이상관람가,드라마,장률,"한예리,양익준,박정범,윤종빈,신민아,유연석,김의성,김태훈,조달환,이재환,임해준,장우진,백종관,백주은,백현진,양영민,정석휘,정재필,조달환,오세현,오재은,윤상일,이관훈,이서,조현정,노슬기"
78,귀담백경,2016-10-19,2097000 ,0,66605500 ,233 ,8297 ,2 ,6 ,일본,일본,,(주)박수엔터테인먼트,15세이상관람가,공포(호러),"나카무라 요시히로,시라이시 코지,아사토 마리,오하타 하지메,이와사와 히로키,나이토 에이스케","다케우치 유코,후지모토 이즈미,후치카미 야스시,타카다 리호"
78,셰인,,449000 ,0,16985000 ,233 ,7787 ,1 ,6 ,미국,미국,파라마운트 픽쳐스,,,"드라마,서부극(웨스턴)",조지 스티븐스,
80,잔다르크,,450000 ,0,4036000 ,225 ,2013 ,1 ,8 ,미국,미국,,,,드라마,빅터 플레밍,잉그리드 버그만
81,흔들리는 물결,2016-10-27,1672500 ,0,10022300 ,221 ,1472 ,8 ,52 ,한국,한국,"비밀의화원,청년필름(주)",무브먼트,12세이상관람가,멜로/로맨스,김진도,"심희섭,고원희"
82,"제자도 - 제자,옥한흠2",2016-11-10,1302000 ,0,1302000 ,217 ,217 ,1 ,1 ,한국,한국,파이오니아21,파이오니아21,전체관람가,다큐멘터리,김상철,"권오중,옥한흠"
83,립반윙클의 신부,2016-09-28,2058000 ,0,156436300 ,215 ,19382 ,4 ,13 ,일본,일본,,"TCO(주)더콘텐츠온,주식회사 더쿱",15세이상관람가,"드라마,멜로/로맨스",이와이 슌지,"쿠로키 하루,아야노 고"
84,카페 6,2016-11-16,1498000 ,0,1498000 ,214 ,214 ,1 ,1 ,대만,대만,,(주)라이크 콘텐츠,12세이상관람가,"멜로/로맨스,코미디",오자운,"동자건,안탁령,임백굉,오양니니"
85,연애담,2016-11-17,1804600 ,0,5110600 ,203 ,727 ,1 ,4 ,한국,한국,한국영화아카데미,(주)인디플러그,청소년관람불가,멜로/로맨스,이현주,"이상희,류선영,박근록,임성미,김종수,유우람,이성용,이성용,이지수,장병기,차승호"
86,너는 내 운명,1980-03-28,400000 ,0,1712000 ,200 ,856 ,1 ,15 ,한국,한국,한림영화,,연소자관람불가,"드라마,멜로/로맨스",정소영,"원미경,이영하,한미영,이종만,윤일봉"
87,대결투,1973-02-23,390000 ,0,1643000 ,195 ,819 ,1 ,6 ,한국,한국,안양,,15세이상관람가,액션,장철,"링원,진봉진"
88,플라워 쇼,2016-10-27,1297000 ,0,9765900 ,194 ,1415 ,4 ,19 ,아일랜드,아일랜드,,(주)디스테이션,12세이상관람가,드라마,비비안 드 쿠시,엠마 그린웰
89,다음 침공은 어디?,2016-09-08,1436000 ,0,130192700 ,179 ,16560 ,2 ,7 ,미국,미국,,판씨네마(주),15세이상관람가,다큐멘터리,마이클 무어,
90,달빛궁궐,2016-09-07,1035000 ,0,1146439100 ,171 ,152856 ,3 ,13 ,한국,한국,"스튜디오홀호리(주),(주)콘텐츠판다",(주)넥스트엔터테인먼트월드(NEW),전체관람가,"애니메이션,판타지,어드벤처",김현주,"김서영,이하늬,권율,김슬기,신용우,이장원,시영준,이상범,이현,강시현,문유정,정주원,신경선,이유리"
90,록키 호러 픽쳐 쇼,1998-06-20,1467200 ,0,36931000 ,171 ,4701 ,3 ,11 ,미국,"미국,영국",이십세기폭스필름코퍼레이션,"(주)팝엔터테인먼트,(주)피터팬픽쳐스",18세 미만인 자는 관람할 수 없는 등급,"공포(호러),뮤지컬,코미디",짐 셔먼,"팀 커리,수잔 서랜든"
92,전송가,,338000 ,0,11466000 ,164 ,5721 ,1 ,10 ,미국,미국,유니버셜 픽쳐스,,,"전쟁,드라마",더글라스 서크,"록 허드슨,안나 카스피,댄 두리아,돈 드 프레,마사 하이어"
93,마담 프루스트의 비밀정원,2014-07-24,1331600 ,0,1123747142 ,162 ,143430 ,3 ,15 ,프랑스,프랑스,,찬란,전체관람가,드라마,실뱅 쇼메,"귀욤 고익스,앤 르니"
94,마이펫의 이중생활,2016-08-03,800000 ,0,19406436655 ,160 ,2520670 ,2 ,2 ,미국,미국,,유니버설픽쳐스인터내셔널 코리아(유),전체관람가,"애니메이션,코미디,가족",크리스 리노드,"스티브 쿠건,엘리 켐퍼,레이크 벨,데이너 카비,케빈 하트"
95,AISFF2016 국내경쟁 1,,737000 ,0,737000 ,150 ,150 ,1 ,2 ,한국,한국,,,,기타,"김인선,정서원,이나연,조창근,이옥섭,구교환",
96,[PDFF2016] PDFF경선 3,,740000 ,0,740000 ,148 ,148 ,1 ,1 ,한국,한국,,,,기타,"이제욱,엄하늘,황보정",
96,[PDFF2016] PDFF경선 4,,740000 ,0,740000 ,148 ,148 ,1 ,1 ,한국,한국,,,,기타,"최형원,위승범,황지은,이현우,황장우",
96,[PDFF2016] PDFF경선 5,,740000 ,0,740000 ,148 ,148 ,1 ,1 ,한국,한국,,,,기타,"김경록,홍보선,송다정,정미린,황수진,배연희,변성빈",
96,[PDFF2016] 장애인미디어운동 1+개막작 2,,740000 ,0,740000 ,148 ,148 ,1 ,1 ,기타,기타,,,,기타,"박준형,정서영,제네비에브 클레이-스미스",
96,[PDFF2016] 장애인미디어운동 2+개막작 1,,740000 ,0,740000 ,148 ,148 ,1 ,1 ,기타,기타,,,,기타,"정종국,장호경,마이클 악트만",
96,귀향,2016-02-24,740000 ,0,27249445990 ,148 ,3587077 ,1 ,1 ,한국,한국,주식회사 제이오엔터테인먼트코리아,(주)와우픽쳐스,15세이상관람가,드라마,조정래,"손숙,강하나,서미지,최리,정인기,오지혜,김시은,이채현,임성철,임혜영,박주현,박지희,박진경,장현익,정광윤,정부경,정승현,안재성,이경훈,이민영,이선희,이수현,이승현,이여원,김완기,김은나"
96,달에 부는 바람,2016-05-26,740000 ,0,5849100 ,148 ,958 ,1 ,1 ,한국,한국,민치앤필름,무브먼트,전체관람가,다큐멘터리,이승준,"김예지,김미영,김자엽"
96,마리 이야기: 손끝의 기적,2015-08-20,740000 ,0,60016500 ,148 ,8969 ,1 ,1 ,프랑스,프랑스,,오드,전체관람가,드라마,장 피에르 아메리스,"이자벨 까레,아리아나 리부아"
96,아들에게 가는 길,,740000 ,0,740000 ,148 ,148 ,1 ,1 ,한국,한국,리얼곤시네마,(주)에스와이코마드,,"가족,드라마",최위안,"김은주,서성광,이로운"
105,금지된 섹스 몽정사,2016-11-09,747000 ,0,747000 ,146 ,146 ,20 ,22 ,한국,한국,(주)케이알씨지,(주)케이알씨지,청소년관람불가,"멜로/로맨스,드라마",김민욱,
106,엘렉트라,2016-11-05,3129000 ,0,3129000 ,141 ,141 ,6 ,12 ,미국,미국,,(주)인스터피씨엠,12세이상관람가,공연,,
107,AISFF2016 국내경쟁 2,,685500 ,0,685500 ,138 ,138 ,1 ,2 ,한국,한국,,,,기타,"윤재호,이재임,임혜영,이충현,구세미,정다희",
108,AISFF2016 시네마 올드 앤 뉴 + 특별상영 1,,656000 ,0,656000 ,133 ,133 ,1 ,1 ,기타,기타,,,,기타,"제이크 러셀,벤 오크렌트,폴 버호벤,마이크 리,장진,홍진경",
109,AISFF2016 국제경쟁 3,,581000 ,0,581000 ,126 ,126 ,1 ,2 ,기타,기타,,,,기타,"김호,아론 루커스,플로리안 하인첸-지옵,크리스 보르그,후안호 히메네즈,베누아 마르탱",
110,고녀석 맛나겠다2 : 함께라서 행복해,2015-07-29,709000 ,0,385562000 ,125 ,55810 ,2 ,8 ,한국,한국,(주)미디어캐슬,(주)리틀빅픽쳐스,전체관람가,"애니메이션,가족,어드벤처","최경석,노나카 카즈미","엄상현,시영준,안장혁,정주원,안효민,이경태,이경태"
110,새엄마,2016-11-03,657000 ,0,657000 ,125 ,125 ,20 ,20 ,한국,한국,"(주)영화사 사계절,펀펀한영화사",(주)영화사 사계절,청소년관람불가,멜로/로맨스,김무원,"주예빈,이수민"
112,물숨,2016-09-29,866000 ,0,56080500 ,122 ,7544 ,1 ,4 ,한국,한국,영화사 숨비,(주)영화사 진진,전체관람가,다큐멘터리,고희영,고희영
113,백설공주 : 사라진 아빠를 찾아서,2016-09-29,907700 ,0,424253300 ,115 ,55031 ,2 ,8 ,중국,중국,,예지림엔터테인먼트,전체관람가,"애니메이션,가족",벤 차오,"이제인,사문영,박상훈"
114,쌍둥이 에로 킬러 - 자매의 유혹,2016-11-04,640000 ,0,640000 ,114 ,114 ,20 ,20 ,한국,한국,(주)이십일세기미디어,(주)픽쳐레스크,청소년관람불가,"멜로/로맨스,액션",이한,"보리,주희"
115,극장판 꼬마버스 타요의 에이스 구출작전,2016-01-21,633000 ,0,900282000 ,113 ,134385 ,2 ,10 ,한국,한국,"(주)아이코닉스,(주)스튜디오게일",(주)아이코닉스,전체관람가,애니메이션,류정우,
116,극장판 안녕 자두야,2016-05-04,637700 ,0,2137042500 ,107 ,280308 ,2 ,13 ,한국,한국,"아툰즈,씨제이이앤엠(주)",씨제이이앤엠(주),전체관람가,애니메이션,손석우,"여민정,양정화,이수진"
116,슈퍼소닉,2016-11-24,749000 ,0,749000 ,107 ,107 ,1 ,1 ,영국,영국,,주식회사 씨네룩스,15세이상관람가,다큐멘터리,매트 화이트크로스,"노엘 갤러거,리암 갤러거"
116,야근 대신 뜨개질,2016-11-17,856000 ,0,1805000 ,107 ,293 ,1 ,1 ,한국,한국,(주)영화사 진진,(주)영화사 진진,12세이상관람가,다큐멘터리,박소현,"김민수,지유나"
119,우리들,2016-06-16,670000 ,0,351484960 ,106 ,47410 ,3 ,8 ,한국,한국,(주)아토,(주)엣나인필름,전체관람가,드라마,윤가은,"최수인,설혜인,이서연,박혜진,안정우,전석민,주재윤,최승혁"
120,여고생,,907000 ,0,2875200 ,105 ,398 ,1 ,4 ,한국,한국,한국영화아카데미,,청소년관람불가,"드라마,가족",박근범,공예지
121,파워배틀 와치카 미니카 배틀리그: 불꽃의 질주,2016-08-17,599100 ,0,267816520 ,100 ,35181 ,1 ,11 ,한국,한국,(주)삼지애니메이션,(주)삼지애니메이션,전체관람가,애니메이션,이영준,"엄상현,전태열,정혜원,정영웅,신용우,배진홍,남도형,이민규,홍소영,이민규"
122,우리친구 피들스틱스,2016-10-13,575000 ,0,9246500 ,96 ,1294 ,1 ,5 ,독일,독일,,(주)마노엔터테인먼트,전체관람가,"가족,코미디",바이트 헬머,"벤노 퓨어만,프리치 하벌란트"
123,카라마조프가의 형제들,,186000 ,0,6430000 ,93 ,3198 ,1 ,3 ,미국,미국,,,,드라마,리차드 브룩스,"율 브린너,마리아 쉘"
124,캐롤,2016-02-04,668500 ,0,2638431616 ,92 ,318488 ,1 ,4 ,미국,"미국,영국",,CGV아트하우스,청소년관람불가,드라마,토드 헤인즈,"케이트 블란쳇,루니 마라,카일 챈들러,제이크 레이시,사라 폴슨"
125,AISFF2016 국제경쟁 5,,383000 ,0,383000 ,88 ,88 ,1 ,2 ,기타,기타,,,,기타,"데이빗 하멜,안티예 하인,마리아 카브타랏제,비타우타스 캇쿠스,플로리앙 후조,조바니 푸무,우카스 보로브스키",
126,메피스토펠레,2016-10-30,2040000 ,0,5091000 ,85 ,209 ,8 ,13 ,독일,독일,,(주)케빈앤컴퍼니,15세이상관람가,공연,,
127,양치기들,2016-06-02,689500 ,0,51349700 ,83 ,6394 ,2 ,6 ,한국,한국,한국영화아카데미,CGV아트하우스,청소년관람불가,"드라마,범죄,스릴러",김진황,"박종환,차래형,송하준,윤정일,김종수,류준열,방민호,손지훈,송여진,이소정,최윤주,김철영,민영선"
128,네온 데몬,2016-10-20,705000 ,0,14334800 ,80 ,1777 ,3 ,11 ,프랑스,"프랑스,미국,덴마크",,주식회사 쇼미미디어앤트레이딩,청소년관람불가,"드라마,스릴러",니콜라스 윈딩 레픈,"엘르 패닝,크리스티나 헨드릭스,키아누 리브스,지나 말론"
129,아더왕의 전설,2016-11-09,1214000 ,0,3206000 ,79 ,245 ,5 ,5 ,한국,한국,(주)패뷸러스,(주)패뷸러스,전체관람가,"공연,뮤지컬",정성복,카미유 루
130,극장판 프리파라 모두 모여라! 프리즘☆투어즈,2016-10-13,368500 ,0,263322900 ,74 ,31834 ,3 ,8 ,한국,한국,동우에이앤이(주),(주)박수엔터테인먼트,전체관람가,애니메이션,히시다 마사카즈,
130,나의 산티아고,2016-07-14,438000 ,0,719909032 ,74 ,94021 ,1 ,3 ,독일,독일,,(주)영화사 진진,12세이상관람가,코미디,줄리아 폰 하인츠,"데비드 스트리에소브,마르티나 게덱,카타리나 탈바흐"
132,AISFF2016 국제경쟁 4,,363000 ,0,363000 ,73 ,73 ,1 ,2 ,기타,기타,,,,기타,"지몬 오스터만,노스 김,숀 클락,김성환,나탈리 알바레즈 미에센,미카엘 판두로,카디야 벤-프라디",
133,일루셔니스트,2011-06-16,650000 ,0,130299800 ,71 ,16875 ,1 ,7 ,프랑스,프랑스,,(주)에스와이코마드,전체관람가,애니메이션,실뱅 쇼메,"에디스 란킨,장-클로드 돈다"
134,쉐이크 더 더스트: 세상을 뒤흔든 비보이,,832500 ,0,832500 ,70 ,70 ,1 ,2 ,미국,미국,,,,다큐멘터리,아담 스요르베르,
135,위풍당당 질리 홉킨스,2016-10-26,566000 ,0,13034500 ,69 ,2006 ,4 ,18 ,미국,미국,,주식회사 쇼미미디어앤트레이딩,전체관람가,"코미디,가족,드라마",스티븐 헤렉,"소피 넬리스,캐시 베이츠,글렌 클로즈,옥타비아 스펜서,줄리아 스타일즈,빌 콥스"
136,립반윙클의 신부: 스페셜 에디션,2016-10-13,639000 ,0,17032500 ,68 ,1991 ,1 ,2 ,일본,일본,,"TCO(주)더콘텐츠온,주식회사 더쿱",15세이상관람가,"드라마,멜로/로맨스",이와이 슌지,"쿠로키 하루,아야노 고"
136,태풍이 지나가고,2016-07-27,468000 ,0,769636472 ,68 ,92571 ,2 ,5 ,일본,일본,,(주)티캐스트,12세이상관람가,드라마,고레에다 히로카즈,"아베 히로시,키키 키린,마키 요코,코바야시 사토미"
138,AISFF2016 국제경쟁 8,,322000 ,0,322000 ,66 ,66 ,1 ,2 ,기타,기타,,,,기타,"존 M. 앙굴로,요나단 엘버스,우푹 챠부쉬,박영주,에프엑스 고비,에르베 드메르",
139,디시에르토,2016-10-05,235000 ,0,103209500 ,65 ,13738 ,5 ,29 ,멕시코,"멕시코,프랑스",,(주)제이앤씨미디어그룹,15세이상관람가,"드라마,스릴러",조나스 쿠아론,"가엘 가르시아 베르날,제프리 딘 모건,디에고 카타노,마르코 페레즈"
140,AISFF2016 폐막작,,448000 ,0,448000 ,64 ,64 ,1 ,1 ,기타,기타,,,,기타,,
141,러브 어페어,1995-03-11,165000 ,0,165000 ,63 ,63 ,1 ,2 ,미국,미국,,,고등학생이상관람가,멜로/로맨스,글랜 고든 카론,"아네트 베닝,피어스 브로스넌,워렌 비티"
141,바스티유 데이,2016-10-13,471000 ,0,766285600 ,63 ,96506 ,5 ,25 ,미국,"미국,프랑스",,롯데쇼핑㈜롯데엔터테인먼트,15세이상관람가,액션,제임스 왓킨스,"이드리스 엘바,리처드 매든,샬롯 르 본,호세 가르시아,켈리 라일리"
143,카이: 거울 호수의 전설,2016-08-17,342800 ,0,182647300 ,60 ,24637 ,1 ,4 ,한국,한국,"주식회사 다다쇼,(주)영화사레드피터",메가박스(주)플러스엠,전체관람가,애니메이션,이성강,"김영은,박고운,강진아,이창규,임무권,이건우,채민지"
143,피아니스트,2002-12-20,336000 ,0,34160450 ,60 ,6029 ,1 ,1 ,프랑스,프랑스,,"(주)블룸즈베리리소시스리미티드,(주)엠앤드엔엔터테인먼트","18세관람가,청소년관람불가",드라마,미카엘 하네케,"이자벨 위페르,브누와 마지멜"
143,할머니는 일학년,2012-05-24,300000 ,0,42346500 ,60 ,6726 ,1 ,1 ,한국,한국,(주)아피아스튜디오,(주)나이너스엔터테인먼트,전체관람가,"가족,드라마",진광교,"김진구,신채연,임태순,장계용,장계호,장병표,정해연,조호천,이상률,김일구,권소현"
146,러스트 앤 본,2013-05-02,519000 ,0,241864900 ,58 ,31999 ,1 ,1 ,프랑스,프랑스,,그린나래미디어(주),청소년관람불가,"멜로/로맨스,드라마",자크 오디아르,"마리옹 꼬띠아르,마티아스 쇼에나에츠,보울리 라너스"
147,내셔널 갤러리,2016-08-25,352000 ,0,43733600 ,54 ,4522 ,1 ,2 ,프랑스,"프랑스,미국",,(주)영화사 진진,전체관람가,다큐멘터리,프레데릭 와이즈만,
148,마이 리틀 자이언트,2016-08-10,300000 ,0,991090900 ,50 ,125759 ,1 ,1 ,미국,미국,,월트디즈니컴퍼니코리아(주),전체관람가,"어드벤처,가족,판타지",스티븐 스필버그,"마크 라이런스,레베카 홀,빌 헤이더,제메인 클레멘트,매트 프류어,라프 스팰,아담 가들리,헤이그 수더랜드,마이클 아담스웨이트"
148,솔로탈출귀,,438000 ,0,438000 ,50 ,50 ,1 ,5 ,한국,한국,한국영화아카데미,CGV아트하우스,12세이상관람가,애니메이션,전용석,
150,스틸 앨리스,2015-04-29,299000 ,0,871376546 ,46 ,112932 ,1 ,3 ,미국,미국,,그린나래미디어(주),12세이상관람가,드라마,"리처드 글랫저,워시 웨스트모어랜드","줄리안 무어,알렉 볼드윈,크리스틴 스튜어트,케이트 보스워스"
151,바닷마을 다이어리,2015-12-17,268500 ,0,827873884 ,45 ,101072 ,2 ,5 ,일본,일본,,(주)티캐스트,12세이상관람가,드라마,고레에다 히로카즈,"아야세 하루카,나가사와 마사미,카호,히로세 스즈,카세 료"
152,AISFF2016 국제경쟁 2,,208000 ,0,208000 ,42 ,42 ,1 ,2 ,기타,기타,,,,기타,"안토니나 노야브로바,하나 노바코바,치에 하야카와,다니엘 베레,주니엘 킴,마리옹 트뤼쇼",
152,까시,2016-10-27,415000 ,0,1433000 ,42 ,156 ,1 ,8 ,한국,한국,에이치케이 이엔엠,THE 픽쳐스,청소년관람불가,멜로/로맨스,이영민,"권해성,지은서,오정태,박혜진,전하라,우서현,이유진,조혜리"
154,파수꾼,2011-03-03,303000 ,0,197502100 ,38 ,25184 ,1 ,1 ,한국,한국,한국영화아카데미,필라멘트픽쳐스,15세이상관람가,드라마,윤성현,"서준영,박정민,조성하,이제훈,이초희,이재연,배제기"
155,AISFF2016 국제경쟁 6,,181000 ,0,181000 ,37 ,37 ,1 ,2 ,기타,기타,,,,기타,"폴 카타뇨,엘누라 오스모나리에바,다나 리에르,루크 제이콥슨,리 동메이,안드레 산토스,마르코 레오",
155,이터널 선샤인,2005-11-10,224000 ,0,3786018792 ,37 ,496586 ,1 ,2 ,미국,미국,포커스피쳐스,"(주)노바미디어,코리아픽쳐스(주)",15세관람가,멜로/로맨스,미셸 공드리,"짐 캐리,케이트 윈슬렛,커스틴 던스트,마크 러팔로,일라이저 우드"
157,AISFF2016 국제경쟁 7,,176000 ,0,176000 ,36 ,36 ,1 ,2 ,기타,기타,,,,기타,"카를로스 세군도,클로에 르쉬어,이스타반 코박스,이상현,퀴리스 크로울리",
157,AISFF2016 호주 단편 특별전: 과거와 현재를 만나다 프로그램 2,,150000 ,0,150000 ,36 ,36 ,1 ,1 ,호주,호주,,,,기타,"애리얼 마틴,켈리 크로스,칼렙 맥케나,매트 홀컴,라이언 쿠난,닉 워터맨,스튜어트 보웬,케이란 왓슨-보니스,데이비드 한센",
159,영춘백학권,2016-10-27,138000 ,0,297000 ,35 ,70 ,5 ,35 ,중국,중국,,주식회사 풍경소리,15세이상관람가,액션,양가인,"이양,양정,자오총,정패패"
160,AISFF2016 숏쇼츠필름페스티벌 & 아시아 컬렉션,,166000 ,0,166000 ,34 ,34 ,1 ,1 ,일본,일본,,,,기타,"오카모토 유사쿠,이노우에 히로키,려익동,사이토 유키,A.T.,미야우치 타카히로",
160,세라핀,2009-06-04,68000 ,0,81869000 ,34 ,11824 ,1 ,1 ,프랑스,프랑스,,(주)영화사구안,12세이상관람가,"전쟁,드라마",마르탱 프로보스트,"욜랭드 모로,울리히 터커"
162,AISFF2016 호주 단편 특별전: 과거와 현재를 만나다 프로그램 1 + 아시프 랑데부,,136000 ,0,136000 ,32 ,32 ,1 ,1 ,호주,호주,,,,기타,"션 크룩,데이빗 미코드,제니퍼 페롯,앤드류 업톤,조지 밀러,셰인 다니엘센",
162,뉴욕의 가을,2000-09-29,96000 ,0,96000 ,32 ,32 ,1 ,1 ,미국,미국,"레이크쇼어 엔터테인먼트,콜럼비아트라이스타㈜,유나이티드 아티스트",,15세관람가,"드라마,멜로/로맨스",조안 첸,"리차드 기어,위노나 라이더"
164,AISFF2016 시네마 올드 앤 뉴 + 특별상영 2,,155000 ,0,155000 ,31 ,31 ,1 ,1 ,기타,기타,,,,기타,"제이크 러셀,벤 오크렌트,폴 버호벤,나반,김신정",
164,허슬 앤 플로우,,275000 ,0,1258000 ,31 ,108 ,1 ,1 ,미국,미국,,,,"범죄,드라마",크레이그 브로워,"테렌스 하워드,안소니 앤더슨,루다크리스"
166,나는 증인이다,2016-09-14,136000 ,0,5578800 ,30 ,1057 ,1 ,3 ,한국,"한국,중국",(주)문와쳐,(주)문와쳐,15세이상관람가,"미스터리,스릴러",안상훈,"양미,루한"
166,다크사이드 위치스: 저주의 눈빛,2016-11-09,150000 ,0,150000 ,30 ,30 ,1 ,1 ,이탈리아,이탈리아,,(주)다날엔터테인먼트,청소년관람불가,"SF,스릴러,공포(호러)",제라드 디펜달,"엘레오노라 알브레히트,바바라 보체"
166,데빌 데쓰,2016-11-09,150000 ,0,150000 ,30 ,30 ,1 ,1 ,미국,미국,,(주)다날엔터테인먼트,청소년관람불가,"공포(호러),범죄,스릴러",마크-안드레 샘손,"월터 페냐,스콧 안소니 리트"
166,섹스 전문 레이코의 하루,2016-11-07,150000 ,0,150000 ,30 ,30 ,1 ,1 ,일본,일본,,(주)다날엔터테인먼트,청소년관람불가,멜로/로맨스,야마우치 다이스케,"한다 사사,사사키 모토코"
166,카쿠야의 음란한 동거: 그녀의 정사,2016-11-07,150000 ,0,150000 ,30 ,30 ,1 ,1 ,일본,일본,,(주)다날엔터테인먼트,청소년관람불가,멜로/로맨스,타카하타 쿠아나,아키야마 쇼코
171,가부와 메이 이야기,2006-02-09,145000 ,0,1448102500 ,29 ,251875 ,1 ,6 ,일본,일본,,"(주)엠케이픽처스 ,에이원엔터테인먼트",전체관람가,애니메이션,스기이 기사부로,"나카무라 시도,나리미야 히로키"
171,랩소디,,87000 ,0,137000 ,29 ,54 ,1 ,1 ,미국,미국,,,,"드라마,멜로/로맨스,뮤지컬",찰스 비더,"엘리자베스 테일러,비토리오 가스만,존 에릭슨,루이스 칼헌,마이클 체코프,리차드 헤이그만"
171,러블 킹스: 힙합의 탄생,,377000 ,0,478000 ,29 ,41 ,1 ,1 ,미국,미국,,,,다큐멘터리,샨 니콜슨,
174,사부: 영춘권 마스터,2016-05-19,186000 ,0,266000 ,28 ,40 ,1 ,2 ,중국,중국,,주식회사 풍경소리,15세이상관람가,"드라마,액션,스릴러",서호봉,"요범,송가,황각"
174,스텝맘,1999-01-16,75000 ,0,75000 ,28 ,28 ,1 ,1 ,미국,미국,"1492픽쳐스,콜럼비아 픽쳐스 코포레이션",,12세 미만인 자는 관람할 수 없는 등급,"드라마,코미디",크리스 콜럼버스,"수잔 서랜든,줄리아 로버츠,에드 해리스"
174,여배우들,2009-12-10,202200 ,0,3778911800 ,28 ,513405 ,1 ,1 ,한국,한국,주식회사 뭉클픽쳐스,(주)쇼박스,12세이상관람가,드라마,이재용,"고현정,김민희,이미숙,윤여정,최지우,김옥빈,손대식,정희연,이건우,신화섭,임지훈,박태윤,박현무,배혜랑,서성경,김보묵,김고은,이미성,원지현,유희,박성희,정재원,김지수,송재림"
177,그물,2016-10-06,210000 ,0,426146300 ,27 ,56534 ,1 ,3 ,한국,한국,(주)김기덕 필름,(주)넥스트엔터테인먼트월드(NEW),15세이상관람가,드라마,김기덕,"류승범,이원근,김영민,최귀화,박준형,정지은,안지혜,이상현,이승현,이은우,김순모,이상진"
178,바그다드 카페 : 디렉터스컷,2016-07-14,130000 ,0,147129809 ,26 ,20195 ,1 ,2 ,독일,"독일,미국",,(주)팝엔터테인먼트,15세이상관람가,"코미디,드라마",퍼시 애들론,"마리안느 세이지브레트,CCH 파운더,잭 팰런스,크리스틴 카우프먼"
179,검은 태양은 밝아온다,,50000 ,0,1211000 ,25 ,359 ,1 ,1 ,미국,미국,워너 브러더스 픽쳐스,,,"멜로/로맨스,드라마",라울 월쉬,"클라크 게이블,이본느 드 카를로,시드니 포이티어,에프렘 짐밸리스트 주니어"
179,너는 착한 아이,2016-03-24,162000 ,0,41992800 ,25 ,5689 ,1 ,1 ,일본,일본,,(주)디스테이션,전체관람가,드라마,오미보,"코라 켄고,오노 마치코,이케와키 치즈루"
179,아이다,2015-07-01,318000 ,0,39709500 ,25 ,2607 ,1 ,4 ,프랑스,프랑스,,에스디시코리아 주식회사,전체관람가,공연,올리비에 피,
182,11월 단편 상상극장-연애단(短),,189000 ,0,445000 ,24 ,56 ,1 ,1 ,한국,한국,,,,기타,"이현주,현조,김태진",
182,AISFF2016 국제경쟁 1,,120000 ,0,120000 ,24 ,24 ,1 ,2 ,기타,기타,,,,기타,"가오 위안,페터 S. 홈슨,카미 가르시아,프란체스카 삼바타로,셀림 아자지",
182,AISFF2016 오버하우젠 뮤비 프로그램,,120000 ,0,120000 ,24 ,24 ,1 ,1 ,기타,기타,,,,기타,,
182,명탐정 코난: 순흑의 악몽,2016-08-03,143000 ,0,3765902500 ,24 ,508827 ,1 ,1 ,일본,일본,,씨제이이앤엠(주),12세이상관람가,"애니메이션,미스터리,어드벤처","시즈노 코분,야마모토 야스이치로",
182,밀정,2016-09-07,138000 ,0,61266889831 ,24 ,7499777 ,3 ,18 ,한국,한국,"(주)다크서클픽쳐스,워너브러더스 코리아(주),(주)영화사하얼빈",워너브러더스 코리아(주),15세이상관람가,액션,김지운,"송강호,공유,한지민,츠루미 신고,엄태구,신성록,서영주,박민우,이진한,이진한,임서영,임서영,전수빈,정유안,조권수,조윤담,이동진,이상희,이수광,이승진,하민,노준표,김정우"
182,어네스트와 셀레스틴,2014-02-20,121000 ,0,333836100 ,24 ,49614 ,1 ,5 ,프랑스,프랑스,,씨너스엔터테인먼트(주),전체관람가,애니메이션,"스테판 오비에,뱅상 파타,벤자민 레너","램버트 윌슨,안느-마리 루프"
188,델마와 루이스,1993-11-27,64000 ,0,3328000 ,23 ,561 ,1 ,1 ,미국,미국,메트로-골드윈-마이어,(주)드림팩트엔터테인먼트,"연소자관람불가,청소년관람불가",드라마,리들리 스콧,"지나 데이비스,수잔 서랜든"
188,인생은 아름다워,1999-03-06,137000 ,0,847480900 ,23 ,127275 ,1 ,1 ,이탈리아,이탈리아,"체키고리그룹 타이거키네마토그라피카,멜람포 시네마토그라피카",씨네그루(주)키다리이엔티,"모든 관람객이 관람할 수 있는 등급,전체관람가","드라마,전쟁,코미디",로베르토 베니니,"로베르토 베니니,니콜레타 브라스치"
190,메디슨카운티의 다리,1995-09-23,66000 ,0,1290000 ,22 ,446 ,1 ,1 ,미국,미국,"엠블린엔터테인먼트,말파소 프로덕션즈,워너 브러더스 픽쳐스",,연소자관람불가,멜로/로맨스,클린트 이스트우드,"메릴 스트립,클린트 이스트우드,애니 콜리,빅터 슬레작"
190,숀더쉽,2015-08-13,110000 ,0,640903000 ,22 ,91812 ,1 ,2 ,영국,"영국,프랑스",,(주)박수엔터테인먼트,전체관람가,"애니메이션,어드벤처,코미디","마크 버튼,리처드 스타잭",
192,배드 랩,,200000 ,0,4172000 ,21 ,351 ,1 ,1 ,미국,"미국,캐나다",,,,다큐멘터리,"살리마 코로마,재키 조",
193,안드론: 블랙 라비린스,2016-10-27,84000 ,0,233000 ,20 ,54 ,5 ,20 ,이탈리아,"이탈리아,영국",,주식회사 풍경소리,15세이상관람가,"SF,액션,스릴러",프란체스코 친퀘마니,"알렉 볼드윈,대니 글로버,미셸 라이언"
193,인 더 섀도우 오브 우먼,2016-01-28,140000 ,0,6613000 ,20 ,930 ,1 ,1 ,프랑스,"프랑스,스위스",,주식회사 더쿱,15세이상관람가,드라마,필립 가렐,"클로틸드 쿠로,스타니슬라 메하르"
195,써머스비,1993-02-20,59000 ,0,59000 ,19 ,19 ,1 ,2 ,미국,미국,,,고등학생이상관람가,"드라마,멜로/로맨스",존 아미엘,"리차드 기어,조디 포스터"
195,에브리바디 원츠 썸!!,2016-07-14,126000 ,0,58189400 ,19 ,7307 ,1 ,1 ,미국,미국,,(주)디스테이션,청소년관람불가,코미디,리차드 링클레이터,"블레이크 제너,조이 도이치,글렌 포웰,라이언 구즈만,테일러 후츨린,포레스트 빅커리"
197,갈리폴리: 최악의 상륙작전,2016-11-03,73000 ,0,73000 ,18 ,18 ,5 ,17 ,터키,터키,,더그레이트 컴퍼니,15세이상관람가,"전쟁,드라마",예심 세즈긴,
197,어우동: 주인 없는 꽃,2015-01-29,52000 ,0,68678000 ,18 ,13233 ,1 ,2 ,한국,한국,"(유)조이앤컨텐츠그룹,㈜리필름",(주)드림팩트엔터테인먼트,청소년관람불가,멜로/로맨스,이수성,"백도빈,송은채,여욱환,남경읍,이종민,이탁건,임준혁,장현희,정서경,박종환,정지나,조경민,주창욱,서재호,최충열,송유진,양정민,이건우,이광기,김선웅,김아람,이상헌,이성근,황소라,황정훈,황주호,정태성"
199,우주의 크리스마스,2016-10-13,113000 ,0,15764500 ,17 ,2123 ,2 ,7 ,한국,한국,"뿌리깊은 나무들 주식회사,영화사삼십육번지유한회사",(주)인디플러그,15세이상관람가,"판타지,드라마",김경형,"김지수,허이재,윤소미,심은진,조덕희,조덕진,이동건,이수연"
200,극장판 요괴워치: 염라대왕과 5개의 이야기다냥!,2016-07-20,96000 ,0,2467197080 ,16 ,330712 ,1 ,1 ,일본,일본,,씨제이이앤엠(주),전체관람가,애니메이션,타카하시 시게하루,"토마츠 하루카,유키 아오이,세키 토모카즈,코자쿠라 에츠코"
200,다이노 타임,2015-04-30,80000 ,0,2108676800 ,16 ,284916 ,1 ,2 ,한국,"한국,미국",주식회사 토이온,씨제이이앤엠(주),전체관람가,"애니메이션,어드벤처,코미디","최윤석,존 카프카","멜라니 그리피스,제인 린치,윌리엄 볼드윈,스티븐 볼드윈,롭 슈나이더,유리 로웬탈"
200,라스트 홈,2016-04-07,111000 ,0,118590000 ,16 ,15274 ,1 ,2 ,미국,미국,,(주)브리즈픽처스,15세이상관람가,드라마,라민 바흐러니,"앤드류 가필드,마이클 섀넌,로라 던"
200,최악의 하루,2016-08-25,142000 ,0,639856190 ,16 ,80738 ,1 ,2 ,한국,한국,㈜인디스토리,CGV아트하우스,15세이상관람가,멜로/로맨스,김종관,"한예리,이와세 료,권율,이희준,이승연,강 숙"
204,만추,2011-02-17,91000 ,0,6340791900 ,13 ,849223 ,1 ,6 ,한국,"한국,미국,홍콩",(주)에스씨에스엔터테인먼트,씨제이엔터테인먼트,15세이상관람가,멜로/로맨스,김태용,"현빈,탕웨이"
204,유스,2016-01-07,81000 ,0,675279600 ,13 ,86769 ,1 ,1 ,이탈리아,"이탈리아,프랑스,스위스,영국",,그린나래미디어(주),15세이상관람가,드라마,파올로 소렌티노,"마이클 케인,하비 케이틀,레이첼 와이즈,폴 다노,제인 폰다"
206,바버샵 3,,84000 ,0,2526800 ,9 ,208 ,1 ,1 ,미국,미국,,,,코미디,말콤 D. 리,"아이스 큐브,세드릭 더 엔터테이너,레지나 홀,안소니 앤더슨,이브,숀 패트릭 토마스,커먼,가르셀라 보베,우카쉬 암부카,트로이 가리티,디레이 데이비스"
206,우리 연애의 이력,2016-06-29,65000 ,0,24068800 ,9 ,3041 ,1 ,4 ,한국,한국,더블엔비컴퍼니(주),(주)모멘텀엔터테인먼트,15세이상관람가,멜로/로맨스,조성은,"전혜빈,신민철,황미영,박주영,박지영,박진영,박솔희,강 숙,양종곤,채조은,이강우,이근원,이상준,구성근,이승진,이용수,도호현,류시문"
208,나무없는 산,2009-08-27,24000 ,0,56001500 ,8 ,8076 ,1 ,1 ,한국,한국,위드시네마,씨제이엔터테인먼트,전체관람가,드라마,김소영,"이수아,김희연,채길병,최도균,최도균,김성국,김성희,이강민,김종욱,이혁,이정재"
208,다이노X 탐험대,2016-05-04,48000 ,0,641397900 ,8 ,83104 ,1 ,3 ,한국,한국,(주)MBC,(주)이수C&E,전체관람가,"애니메이션,다큐멘터리",이동희,"정준하,하동훈"
208,월 롸이터,,72000 ,0,211000 ,8 ,22 ,1 ,1 ,미국,미국,,,,다큐멘터리,로저 게스트맨,
208,적인걸: 측천무후의 비밀,2010-10-06,51000 ,0,3342727500 ,8 ,459917 ,1 ,4 ,중국,"중국,홍콩",후아위 브라더스 미디어,롯데쇼핑㈜롯데엔터테인먼트,12세이상관람가,"액션,범죄,미스터리,스릴러",서극,"유덕화,양가휘,이빙빙,유가령,등초"
212,초콜렛 도넛,2014-10-02,53000 ,0,269744200 ,7 ,34100 ,1 ,1 ,미국,미국,,CGV아트하우스,15세이상관람가,드라마,트래비스 파인,"알란 커밍,아이작 레이바,가렛 딜라헌트"
212,폭력의 법칙: 나쁜 피 두 번째 이야기,2016-10-20,45000 ,0,4578000 ,7 ,597 ,1 ,6 ,한국,한국,(주)키노크러시,(주)영화사 안다미로,청소년관람불가,드라마,강효진,"김영무,한여울,김영용,이풍운,박지선,서승원,이동진,이성환,이신우,최민영,최영근,한석호"
214,타이거 마운틴,2015-04-23,39000 ,0,25063000 ,6 ,4916 ,1 ,3 ,중국,중국,,(주)누리픽쳐스,15세이상관람가,전쟁,서극,"양가휘,장한위"
215,빅,2016-07-27,33000 ,0,1175037720 ,5 ,161008 ,1 ,1 ,미국,"미국,인도",,(주)이수C&E,전체관람가,"애니메이션,어드벤처,코미디,가족",트레버 월,
215,용문비갑,2012-03-15,29000 ,0,9479000 ,5 ,1895 ,1 ,2 ,중국,"중국,홍콩",,(주)누리픽쳐스,15세이상관람가,액션,서극,"이연걸,주신,천쿤"
215,호우시절,2009-10-08,35000 ,0,2139862500 ,5 ,287776 ,1 ,2 ,한국,"한국,중국",판씨네마(주),(주)넥스트엔터테인먼트월드(NEW),15세이상관람가,멜로/로맨스,허진호,"정우성,고원원,이봉화,이서영,김상호"
218,묵공,2007-01-10,25000 ,0,1757370000 ,4 ,289781 ,1 ,3 ,중국,"중국,한국,일본,홍콩",(주)에스씨에스엔터테인먼트,씨제이엔터테인먼트,12세이상관람가,"전쟁,드라마,액션",장지량,"유덕화,안성기,시원"
218,장난감이 살아있다,2016-09-07,20000 ,0,1112325600 ,4 ,142956 ,1 ,1 ,아르헨티나,"아르헨티나,스페인",,"㈜코리아스크린,와이드 릴리즈(주)",전체관람가,"애니메이션,어드벤처,가족",후안 호세 캄파넬라,"니콜라스 홀트,아리아나 그란데,케이티 홈즈,루퍼트 그린트"
220,5일의 마중,2014-10-08,15000 ,0,410226100 ,3 ,54805 ,1 ,1 ,중국,중국,,찬란,전체관람가,"멜로/로맨스,드라마",장예모,"공리,진도명"
220,미망인,1955-12-10,9000 ,0,723000 ,3 ,328 ,1 ,2 ,한국,한국,,,청소년관람불가,"드라마,멜로/로맨스",박남옥,이민자
220,"스트레치 앤 보비토:라디오, 삶을 바꾸다",,30000 ,0,103000 ,3 ,11 ,1 ,1 ,미국,미국,,,,다큐멘터리,보비토 가르시아,
220,스페이스 독 2,2014-12-11,15000 ,0,121398600 ,3 ,19448 ,1 ,1 ,러시아,러시아,,(주)지어소프트,전체관람가,"애니메이션,어드벤처,코미디,가족","이나 예블라니코바,알렉산더 크람초프,바딤 소츠코프",
224,극장판 프랭키와 친구들: 생명의 나무,2016-04-13,12000 ,0,410530600 ,2 ,56837 ,1 ,1 ,한국,한국,프랭키영화문화산업전문(주),예지림엔터테인먼트,전체관람가,애니메이션,박정오,"박정오,이소은"
224,로빈슨 크루소,2016-09-07,9000 ,0,1064952400 ,2 ,138565 ,1 ,2 ,벨기에,벨기에,,(주)영화사 빅,전체관람가,"애니메이션,어드벤처,코미디","벤 스타센,빈센트 케스텔루트","마티아스 슈바이그호퍼,데이비드 하워드,콜린 메츠거,라일라 베르진,조이 카멘,마리브 헤링턴"
224,매직브러시,2016-05-04,10000 ,0,1294689300 ,2 ,172345 ,1 ,2 ,중국,중국,,(주)영화사 빅,전체관람가,애니메이션,쯔씽 쫑,"김서영,김경희,박상훈,홍진욱"
224,아이스 넥스트 투모로우,2016-11-04,6000 ,0,6000 ,2 ,2 ,1 ,1 ,미국,미국,,(주)케이알씨지,12세이상관람가,"SF,어드벤처",에밀 에드윈 스미스,"바턴 번드,줄스 하틀리"
224,천명,,13000 ,0,13000 ,2 ,2 ,1 ,2 ,중국,중국,,,,드라마,쑨위,
229,관능 소설가의 노예 아내,2016-11-03,8000 ,0,8000 ,1 ,1 ,1 ,1 ,일본,일본,,(주)플라이어,청소년관람불가,"성인물(에로),드라마",긴다이치 코고로,카미 유키
229,기억메신저 2033,2016-10-20,4000 ,0,239000 ,1 ,68 ,1 ,1 ,멕시코,멕시코,,(주)케이알씨지,15세이상관람가,"어드벤처,SF",프란시스코 라레스고이티,"라울 멘데즈,산드라 에체베리아"
229,길위의천사,,7000 ,0,7000 ,1 ,1 ,1 ,1 ,중국,중국,,,,"코미디,드라마,뮤지컬",위안무즈,
229,들이대는 대학선배-이제그만,2016-11-03,8000 ,0,8000 ,1 ,1 ,1 ,1 ,일본,일본,,(주)도키엔터테인먼트,청소년관람불가,성인물(에로),우수바시 수이,시노다 아유미
229,맛 2016: 삼시색기,2016-11-05,4000 ,0,4000 ,1 ,1 ,1 ,1 ,한국,한국,(주)에이블엔터테인먼트,(주)에이블엔터테인먼트,청소년관람불가,멜로/로맨스,최우성,"박주빈,이은미"
229,불륜의 육체봉사,2016-11-03,8000 ,0,8000 ,1 ,1 ,1 ,1 ,일본,일본,,(주)도키엔터테인먼트,청소년관람불가,성인물(에로),테이 쟈가,오오바 유이
229,비바,2016-10-13,6000 ,0,26961500 ,1 ,3518 ,1 ,1 ,아일랜드,"아일랜드,쿠바",,(주)팝엔터테인먼트,청소년관람불가,드라마,패디 브레스내치,"헥터 메디나,호르헤 페루고리아,루이스 알베르토 가르시아"
229,섹녀: 친구의 여친,2016-11-03,8000 ,0,8000 ,1 ,1 ,1 ,1 ,일본,일본,,(주)플라이어,청소년관람불가,"성인물(에로),드라마",카츠라기 히로후미,"이나가와 나츠메,무탄"
229,유부녀와 불기둥,2016-11-03,8000 ,0,8000 ,1 ,1 ,1 ,1 ,일본,일본,,(주)도키엔터테인먼트,청소년관람불가,성인물(에로),테이 쟈가,아오야마 아오이
229,이쁜 아내를 탐하는자,2016-11-03,8000 ,0,8000 ,1 ,1 ,1 ,1 ,일본,일본,,(주)도키엔터테인먼트,청소년관람불가,성인물(에로),테이 쟈가,미야베 료카
229,컬러 오브 라이프,2016-11-03,4000 ,0,4000 ,1 ,1 ,1 ,1 ,기타,기타,,(주)시네마리퍼블릭,청소년관람불가,드라마,새미 파벨,
229,특별한 맛 - 미시女(녀),2016-11-03,8000 ,0,8000 ,1 ,1 ,1 ,1 ,일본,일본,,(주)플라이어,청소년관람불가,"성인물(에로),드라마",긴다이치 코고로,이이다 카오리
241,2016 전북독립영화제 폐막식 + 폐막작,,0 ,0,0 ,0 ,0 ,1 ,1 ,한국,한국,,,,기타,,
241,개막작 - 2016 전북독립영화제,,0 ,0,0 ,0 ,0 ,1 ,1 ,한국,한국,,,,기타,"김진아,이지원,정다희,김인선",
241,검우강호,2010-10-14,0 ,0,2243194500 ,0 ,312334 ,1 ,1 ,홍콩,"홍콩,중국,미국",베이징,(주)에스비에스콘텐츠허브,15세이상관람가,액션,오우삼,"정우성,양자경,서희원, 쉬시위안,여문락"
241,경쟁 1 - 2016 전북독립영화제,,0 ,0,0 ,0 ,0 ,1 ,1 ,한국,한국,,,,기타,"이시대,정시온,허준석,배세웅,차상훈",
241,경쟁 2 - 2016 전북독립영화제,,0 ,0,0 ,0 ,0 ,1 ,1 ,한국,한국,,,,기타,"구교환,이옥섭,김금난,방우리,이승주",
241,경쟁 3 - 2016 전북독립영화제,,0 ,0,0 ,0 ,0 ,1 ,1 ,한국,한국,,,,기타,"문세은,남근학,임희성,안주영,이란희",
241,경쟁 4 - 2016 전북독립영화제,,0 ,0,0 ,0 ,0 ,1 ,1 ,한국,한국,,,,기타,"최진영,이지은,김재현,최성구",
241,경쟁 5 - 2016 전북독립영화제,,0 ,0,0 ,0 ,0 ,1 ,1 ,한국,한국,,,,기타,"황지은,고은혜,차현준,이윤규,김광빈",
241,경쟁 6 - 2016 전북독립영화제,,0 ,0,0 ,0 ,0 ,1 ,1 ,한국,한국,,,,기타,"김경록,이용진,박매화,김민숙",
241,내사랑 한옥마을,,0 ,0,95000 ,0 ,24 ,1 ,1 ,한국,한국,,,,다큐멘터리,김정인,
241,동주,2016-02-17,0 ,0,8870143589 ,0 ,1169335 ,1 ,1 ,한국,한국,(주) 루스이소니도스,메가박스(주)플러스엠,12세이상관람가,드라마,이준익,"강하늘,박정민,김인우,최홍일,김정석,최희서,신윤주,문성근,최종률,전재형,정운봉,이선주,허욱진"
241,러브 앤 머시,2015-07-30,0 ,0,213567000 ,0 ,27291 ,1 ,1 ,미국,미국,,판씨네마(주),15세이상관람가,드라마,빌 포래드,"존 쿠삭,폴 다노,엘리자베스 뱅크스,폴 지아마티"
241,"로봇, 소리",2016-01-27,0 ,0,3519595560 ,0 ,476665 ,1 ,1 ,한국,한국,"(주)영화사 좋은날,(주)디씨지플러스",롯데쇼핑㈜롯데엔터테인먼트,12세이상관람가,드라마,이호재,"이성민,이희준,이하늬,김원해,채수빈,심은경,곽시양,이영진,이무생,남연우,전국환,류준열,박영수,이현석,박정민,박지훈,안광복,유민상,이상우,이승준,노소영"
241,마더,2009-05-28,0 ,0,19971065600 ,0 ,2979751 ,1 ,1 ,한국,한국,(주)바른손이앤에이,씨제이엔터테인먼트,청소년관람불가,드라마,봉준호,"김혜자,원빈,진구,윤제문,최재원,전미선,송새벽,천우희,정영기,이미도,유인수,박태준,오원식,이옥주,김홍집,윤혜진,임성미,임근아,김태환,황영희,한지희,남성호,권병길"
241,마리와 레티,,0 ,0,0 ,0 ,0 ,1 ,9 ,한국,한국,,,,드라마,최진영,
241,마중: 커피숍 난동 수다 사건,,0 ,0,0 ,0 ,0 ,1 ,1 ,한국,한국,,,,"코미디,드라마",임혜영,"류대식,문웅기"
241,사월의 끝,,0 ,0,0 ,0 ,0 ,1 ,1 ,한국,한국,코라필름,,,"드라마,스릴러,미스터리",김광복,
241,샬레,,0 ,0,0 ,0 ,0 ,1 ,1 ,한국,한국,,,,"드라마,멜로/로맨스",박소진,"이설희,김호원,최규필"
241,선 오브 갓,2014-04-10,0 ,0,2394091300 ,0 ,329285 ,1 ,8 ,미국,미국,,(주)프레인글로벌,12세이상관람가,드라마,크리스토퍼 스펜서,"디오고 모르가도,세바스찬 냅,다윈 쇼"
241,소음들,,0 ,0,0 ,0 ,0 ,1 ,1 ,한국,한국,,,,기타,민제홍,
241,숨바꼭질,2013-08-14,0 ,0,39602995500 ,0 ,5604106 ,1 ,2 ,한국,한국,(주)드림캡쳐,(주)넥스트엔터테인먼트월드(NEW),15세이상관람가,스릴러,허정,"손현주,문정희,전미선,장채린,김수안,김원해,노수산나,정준원"
241,암살,2015-07-22,0 ,0,98464218781 ,0 ,12705899 ,1 ,2 ,한국,한국,(주)케이퍼필름,(주)쇼박스,15세이상관람가,"액션,드라마",최동훈,"전지현,이정재,하정우,오달수,조진웅,이경영,최덕문,김의성,박병은,김홍파,강용빈,홍성지,지동주,장현석,장용현,김민지,김승찬,안태랑,김예은,김정석,김정호,김준우,김지원,박상민,박정환,조승우,김해숙,진경,박소은,김인우,심희섭"
241,종각,,0 ,0,1016000 ,0 ,508 ,1 ,1 ,한국,한국,,,,드라마,양주남,"허장강,장민호"
241,초청 2 - 2016 전북독립영화제,,0 ,0,0 ,0 ,0 ,1 ,1 ,한국,한국,,,,기타,"조재형,김은영,안슬기,김수지",
합계,,,22461346583 ,,698677670412 ,2629850 ,89598104 ,6910 ,114345 ,,,,,,,,
